title,genres
Kolya (1996),['Comedy']
L.A. Confidential (1997),"['Crime', 'Film-Noir', 'Mystery', 'Thriller']"
Heavyweights (1994),"[""Children's"", 'Comedy']"
Legends of the Fall (1994),"['Drama', 'Romance', 'War', 'Western']"
Jackie Brown (1997),"['Crime', 'Drama']"
Dr. Strangelove or: How I Learned to Stop Worrying and Love the Bomb (1963),"['Sci-Fi', 'War']"
"Hunt for Red October, The (1990)","['Action', 'Thriller']"
"Jungle Book, The (1994)","['Adventure', ""Children's"", 'Romance']"
Grease (1978),"['Comedy', 'Musical', 'Romance']"
"Remains of the Day, The (1993)",['Drama']
Men in Black (1997),"['Action', 'Adventure', 'Comedy', 'Sci-Fi']"
Romy and Michele's High School Reunion (1997),['Comedy']
Star Trek: First Contact (1996),"['Action', 'Adventure', 'Sci-Fi']"
"To Wong Foo, Thanks for Everything! Julie Newmar (1995)",['Comedy']
Batman Forever (1995),"['Action', 'Adventure', 'Comedy', 'Crime']"
Only You (1994),"['Comedy', 'Romance']"
"Age of Innocence, The (1993)",['Drama']
Sabrina (1995),"['Comedy', 'Romance']"
Just Cause (1995),"['Mystery', 'Thriller']"
"Endless Summer 2, The (1994)",['Documentary']
"Man Without a Face, The (1993)",['Drama']
Sabrina (1954),"['Comedy', 'Romance']"
Die Hard (1988),"['Action', 'Thriller']"
Twister (1996),"['Action', 'Adventure', 'Thriller']"
Toy Story (1995),"['Animation', ""Children's"", 'Comedy']"
Broken Arrow (1996),"['Action', 'Thriller']"
Aladdin (1992),"['Animation', ""Children's"", 'Comedy', 'Musical']"
Casper (1995),"['Adventure', ""Children's""]"
Restoration (1995),['Drama']
Jaws (1975),"['Action', 'Horror']"
Chasing Amy (1997),"['Drama', 'Romance']"
"Silence of the Lambs, The (1991)","['Drama', 'Thriller']"
"Right Stuff, The (1983)",['Drama']
Sleepless in Seattle (1993),"['Comedy', 'Romance']"
"Sting, The (1973)","['Comedy', 'Crime']"
Curdled (1996),['Crime']
Rear Window (1954),"['Mystery', 'Thriller']"
Speechless (1994),"['Comedy', 'Romance']"
Crumb (1994),['Documentary']
French Twist (Gazon maudit) (1995),"['Comedy', 'Romance']"
Fly Away Home (1996),"['Adventure', ""Children's""]"
"Trigger Effect, The (1996)","['Drama', 'Thriller']"
Tales from the Hood (1995),"['Comedy', 'Horror']"
Cop Land (1997),"['Crime', 'Drama', 'Mystery']"
Evil Dead II (1987),"['Action', 'Adventure', 'Comedy', 'Horror']"
Beautiful Thing (1996),"['Drama', 'Romance']"
"Last of the Mohicans, The (1992)","['Action', 'Romance', 'War']"
Get Shorty (1995),"['Action', 'Comedy', 'Drama']"
Kiss the Girls (1997),"['Crime', 'Drama', 'Thriller']"
Fargo (1996),"['Crime', 'Drama', 'Thriller']"
Fantasia (1940),"['Animation', ""Children's"", 'Musical']"
Murder at 1600 (1997),"['Mystery', 'Thriller']"
Return of the Jedi (1983),"['Action', 'Adventure', 'Romance', 'Sci-Fi', 'War']"
Dead Poets Society (1989),['Drama']
Conan the Barbarian (1981),"['Action', 'Adventure']"
Naked Gun 33 1/3: The Final Insult (1994),['Comedy']
"Sound of Music, The (1965)",['Musical']
E.T. the Extra-Terrestrial (1982),"[""Children's"", 'Drama', 'Fantasy', 'Sci-Fi']"
"Boot, Das (1981)","['Action', 'Drama', 'War']"
Angels and Insects (1995),"['Drama', 'Romance']"
Scream (1996),"['Horror', 'Thriller']"
"Nightmare on Elm Street, A (1984)",['Horror']
Ben-Hur (1959),"['Action', 'Adventure', 'Drama']"
"City of Lost Children, The (1995)","['Adventure', 'Sci-Fi']"
"Brothers McMullen, The (1995)",['Comedy']
Young Guns (1988),"['Action', 'Comedy', 'Western']"
To Kill a Mockingbird (1962),['Drama']
Wings of Desire (1987),"['Comedy', 'Drama', 'Romance']"
Mr. Holland's Opus (1995),['Drama']
House Arrest (1996),['Comedy']
Old Yeller (1957),"[""Children's"", 'Drama']"
Jean de Florette (1986),['Drama']
Seven Years in Tibet (1997),"['Drama', 'War']"
Grosse Pointe Blank (1997),"['Comedy', 'Crime']"
That Darn Cat! (1965),"[""Children's"", 'Comedy', 'Mystery']"
Copycat (1995),"['Crime', 'Drama', 'Thriller']"
Star Trek III: The Search for Spock (1984),"['Action', 'Adventure', 'Sci-Fi']"
Jerry Maguire (1996),"['Drama', 'Romance']"
North by Northwest (1959),"['Comedy', 'Thriller']"
Outbreak (1995),"['Action', 'Drama', 'Thriller']"
Dangerous Minds (1995),['Drama']
Miller's Crossing (1990),['Drama']
Batman (1989),"['Action', 'Adventure', 'Crime', 'Drama']"
"Truth About Cats & Dogs, The (1996)","['Comedy', 'Romance']"
"Sword in the Stone, The (1963)","['Animation', ""Children's""]"
Bean (1997),['Comedy']
"Birdcage, The (1996)",['Comedy']
Con Air (1997),"['Action', 'Adventure', 'Thriller']"
Monty Python's Life of Brian (1979),['Comedy']
Sense and Sensibility (1995),"['Drama', 'Romance']"
Backbeat (1993),"['Drama', 'Musical']"
"African Queen, The (1951)","['Action', 'Adventure', 'Romance', 'War']"
"Adventures of Priscilla, Queen of the Desert, The (1994)","['Comedy', 'Drama']"
This Is Spinal Tap (1984),"['Comedy', 'Drama', 'Musical']"
Taxi Driver (1976),"['Drama', 'Thriller']"
Liar Liar (1997),['Comedy']
Young Frankenstein (1974),"['Comedy', 'Horror']"
Executive Decision (1996),"['Action', 'Thriller']"
Conspiracy Theory (1997),"['Action', 'Mystery', 'Romance', 'Thriller']"
It's a Wonderful Life (1946),['Drama']
"Wizard of Oz, The (1939)","['Adventure', ""Children's"", 'Drama', 'Musical']"
Raiders of the Lost Ark (1981),"['Action', 'Adventure']"
Terminator 2: Judgment Day (1991),"['Action', 'Sci-Fi', 'Thriller']"
Willy Wonka and the Chocolate Factory (1971),"['Adventure', ""Children's"", 'Comedy']"
"Devil's Advocate, The (1997)","['Crime', 'Horror', 'Mystery', 'Thriller']"
"Quiet Man, The (1952)","['Comedy', 'Romance']"
Muppet Treasure Island (1996),"['Action', 'Adventure', 'Comedy', 'Musical', 'Thriller']"
Bogus (1996),"[""Children's"", 'Drama', 'Fantasy']"
Annie Hall (1977),"['Comedy', 'Romance']"
Swimming with Sharks (1995),"['Comedy', 'Drama']"
My Fair Lady (1964),"['Musical', 'Romance']"
In the Name of the Father (1993),['Drama']
"Terminator, The (1984)","['Action', 'Sci-Fi', 'Thriller']"
"Shining, The (1980)",['Horror']
True Lies (1994),"['Action', 'Adventure', 'Comedy', 'Romance']"
Amistad (1997),['Drama']
Mimic (1997),"['Sci-Fi', 'Thriller']"
"Devil's Own, The (1997)","['Action', 'Drama', 'Thriller', 'War']"
2001: A Space Odyssey (1968),"['Drama', 'Mystery', 'Sci-Fi', 'Thriller']"
My Family (1995),['Drama']
Courage Under Fire (1996),"['Drama', 'War']"
Pump Up the Volume (1990),['Drama']
Homeward Bound: The Incredible Journey (1993),"['Adventure', ""Children's""]"
Tales From the Crypt Presents: Demon Knight (1995),['Horror']
One Fine Day (1996),"['Drama', 'Romance']"
Vertigo (1958),"['Mystery', 'Thriller']"
Bio-Dome (1996),['Comedy']
Blue Sky (1994),"['Drama', 'Romance']"
Get on the Bus (1996),['Drama']
Ninotchka (1939),"['Comedy', 'Romance']"
Good Will Hunting (1997),['Drama']
Father of the Bride Part II (1995),['Comedy']
Roommates (1995),"['Comedy', 'Drama']"
"Postino, Il (1994)","['Drama', 'Romance']"
Before Sunrise (1995),"['Drama', 'Romance']"
Mary Poppins (1964),"[""Children's"", 'Comedy', 'Musical']"
Mission: Impossible (1996),"['Action', 'Adventure', 'Mystery']"
Bonnie and Clyde (1967),"['Crime', 'Drama']"
Red Rock West (1992),['Thriller']
"Rock, The (1996)","['Action', 'Adventure', 'Thriller']"
Heat (1995),"['Action', 'Crime', 'Thriller']"
Interview with the Vampire (1994),"['Drama', 'Horror']"
It Could Happen to You (1994),"['Drama', 'Romance']"
Dante's Peak (1997),"['Action', 'Thriller']"
"Good, The Bad and The Ugly, The (1966)","['Action', 'Western']"
Batman Returns (1992),"['Action', 'Adventure', 'Comedy', 'Crime']"
GoldenEye (1995),"['Action', 'Adventure', 'Thriller']"
Big Night (1996),['Drama']
Kazaam (1996),"[""Children's"", 'Comedy', 'Fantasy']"
"Abyss, The (1989)","['Action', 'Adventure', 'Sci-Fi', 'Thriller']"
"River Wild, The (1994)","['Action', 'Thriller']"
Ghost in the Shell (Kokaku kidotai) (1995),"['Animation', 'Sci-Fi']"
Face/Off (1997),"['Action', 'Sci-Fi', 'Thriller']"
"Birds, The (1963)",['Horror']
Cool Runnings (1993),['Comedy']
"Fugitive, The (1993)","['Action', 'Thriller']"
Contact (1997),"['Drama', 'Sci-Fi']"
Jackie Chan's First Strike (1996),['Action']
Jumanji (1995),"['Action', 'Adventure', ""Children's"", 'Fantasy', 'Sci-Fi']"
Cape Fear (1962),"['Film-Noir', 'Thriller']"
"Empire Strikes Back, The (1980)","['Action', 'Adventure', 'Drama', 'Romance', 'Sci-Fi', 'War']"
Assassins (1995),['Thriller']
Canadian Bacon (1994),"['Comedy', 'War']"
Clockers (1995),['Drama']
Chain Reaction (1996),"['Action', 'Adventure', 'Thriller']"
When Harry Met Sally... (1989),"['Comedy', 'Romance']"
Joe's Apartment (1996),"['Comedy', 'Musical']"
Jaws 2 (1978),"['Action', 'Horror']"
Three Colors: White (1994),['Drama']
Hoop Dreams (1994),['Documentary']
Wonderland (1997),['Documentary']
"Firm, The (1993)","['Drama', 'Thriller']"
"First Wives Club, The (1996)",['Comedy']
Casablanca (1942),"['Drama', 'Romance', 'War']"
"Saint, The (1997)","['Action', 'Romance', 'Thriller']"
"Mirror Has Two Faces, The (1996)","['Comedy', 'Romance']"
My Best Friend's Wedding (1997),"['Comedy', 'Romance']"
Up Close and Personal (1996),"['Drama', 'Romance']"
Groundhog Day (1993),"['Comedy', 'Romance']"
"Close Shave, A (1995)","['Animation', 'Comedy', 'Thriller']"
Mars Attacks! (1996),"['Action', 'Comedy', 'Sci-Fi', 'War']"
Star Trek: The Wrath of Khan (1982),"['Action', 'Adventure', 'Sci-Fi']"
Flirting With Disaster (1996),['Comedy']
Wag the Dog (1997),"['Comedy', 'Drama']"
12 Angry Men (1957),['Drama']
"Philadelphia Story, The (1940)","['Comedy', 'Romance']"
Leave It to Beaver (1997),['Comedy']
Richard III (1995),"['Drama', 'War']"
"Godfather, The (1972)","['Action', 'Crime', 'Drama']"
Diabolique (1996),"['Drama', 'Thriller']"
Forrest Gump (1994),"['Comedy', 'Romance', 'War']"
Renaissance Man (1994),"['Comedy', 'Drama', 'War']"
Tommy Boy (1995),['Comedy']
Pete's Dragon (1977),"['Adventure', 'Animation', ""Children's"", 'Musical']"
Pink Floyd - The Wall (1982),"['Drama', 'Musical', 'War']"
Grumpier Old Men (1995),"['Comedy', 'Romance']"
Waterworld (1995),"['Action', 'Adventure']"
Mystery Science Theater 3000: The Movie (1996),"['Comedy', 'Sci-Fi']"
Delicatessen (1991),"['Comedy', 'Sci-Fi']"
Schindler's List (1993),"['Drama', 'War']"
Speed (1994),"['Action', 'Romance', 'Thriller']"
Pollyanna (1960),"[""Children's"", 'Comedy', 'Drama']"
What's Eating Gilbert Grape (1993),"['Comedy', 'Drama']"
Primal Fear (1996),"['Drama', 'Thriller']"
"Brady Bunch Movie, The (1995)",['Comedy']
Mad City (1997),"['Action', 'Drama']"
Real Genius (1985),['Comedy']
"Crow, The (1994)","['Action', 'Romance', 'Thriller']"
Twelve Monkeys (1995),"['Drama', 'Sci-Fi']"
Tie Me Up! Tie Me Down! (1990),['Drama']
Cape Fear (1991),['Thriller']
Angels in the Outfield (1994),"[""Children's"", 'Comedy']"
U Turn (1997),"['Action', 'Crime', 'Mystery']"
"Apostle, The (1997)",['Drama']
"Lawnmower Man, The (1992)","['Action', 'Sci-Fi', 'Thriller']"
Pulp Fiction (1994),"['Crime', 'Drama']"
Blade Runner (1982),"['Film-Noir', 'Sci-Fi']"
"20,000 Leagues Under the Sea (1954)","['Adventure', ""Children's"", 'Fantasy', 'Sci-Fi']"
Cliffhanger (1993),"['Action', 'Adventure', 'Crime']"
Gone with the Wind (1939),"['Drama', 'Romance', 'War']"
"Fish Called Wanda, A (1988)",['Comedy']
"Celluloid Closet, The (1995)",['Documentary']
Love Jones (1997),['Romance']
Unhook the Stars (1996),['Drama']
"Streetcar Named Desire, A (1951)",['Drama']
Clueless (1995),['Comedy']
Rudy (1993),['Drama']
"Fan, The (1996)",['Thriller']
Seven (Se7en) (1995),"['Crime', 'Thriller']"
"Great Escape, The (1963)","['Adventure', 'War']"
Jurassic Park (1993),"['Action', 'Adventure', 'Sci-Fi']"
Dumbo (1941),"['Animation', ""Children's"", 'Musical']"
Four Rooms (1995),['Thriller']
Kicking and Screaming (1995),"['Comedy', 'Drama']"
Nikita (La Femme Nikita) (1990),['Thriller']
"Grand Day Out, A (1992)","['Animation', 'Comedy']"
"Addiction, The (1995)",['Horror']
Singin' in the Rain (1952),"['Musical', 'Romance']"
"Shawshank Redemption, The (1994)",['Drama']
One Flew Over the Cuckoo's Nest (1975),['Drama']
"Maltese Falcon, The (1941)","['Film-Noir', 'Mystery']"
"People vs. Larry Flynt, The (1996)",['Drama']
Ulee's Gold (1997),['Drama']
Field of Dreams (1989),['Drama']
"MatchMaker, The (1997)","['Comedy', 'Romance']"
Fled (1996),"['Action', 'Adventure']"
Back to the Future (1985),"['Comedy', 'Sci-Fi']"
Kicked in the Head (1997),"['Comedy', 'Drama']"
Desperado (1995),"['Action', 'Romance', 'Thriller']"
Glengarry Glen Ross (1992),['Drama']
Mother (1996),['Comedy']
Alien: Resurrection (1997),"['Action', 'Horror', 'Sci-Fi']"
Star Trek VI: The Undiscovered Country (1991),"['Action', 'Adventure', 'Sci-Fi']"
Amadeus (1984),"['Drama', 'Mystery']"
Afterglow (1997),"['Drama', 'Romance']"
Alien (1979),"['Action', 'Horror', 'Sci-Fi', 'Thriller']"
Circle of Friends (1995),"['Drama', 'Romance']"
Duck Soup (1933),"['Comedy', 'War']"
"Family Thing, A (1996)","['Comedy', 'Drama']"
Citizen Kane (1941),['Drama']
Tomorrow Never Dies (1997),"['Action', 'Romance', 'Thriller']"
"Unbearable Lightness of Being, The (1988)",['Drama']
When the Cats Away (Chacun cherche son chat) (1996),"['Comedy', 'Romance']"
Somewhere in Time (1980),"['Drama', 'Romance']"
Shadow Conspiracy (1997),['Thriller']
Bottle Rocket (1996),['Comedy']
Kingpin (1996),['Comedy']
"Peacemaker, The (1997)","['Action', 'Thriller', 'War']"
Starship Troopers (1997),"['Action', 'Adventure', 'Sci-Fi', 'War']"
It's My Party (1995),['Drama']
Once Upon a Time in America (1984),"['Crime', 'Drama', 'Thriller']"
"Indian in the Cupboard, The (1995)","['Adventure', ""Children's"", 'Fantasy']"
"Graduate, The (1967)","['Drama', 'Romance']"
Volcano (1997),"['Drama', 'Thriller']"
"Bridge on the River Kwai, The (1957)","['Drama', 'War']"
Strictly Ballroom (1992),"['Comedy', 'Romance']"
"Wrong Trousers, The (1993)","['Animation', 'Comedy']"
Eraser (1996),"['Action', 'Thriller']"
Stag (1997),"['Action', 'Thriller']"
"Game, The (1997)","['Mystery', 'Thriller']"
Twelfth Night (1996),"['Comedy', 'Drama', 'Romance']"
Coneheads (1993),"['Comedy', 'Sci-Fi']"
Miracle on 34th Street (1994),['Drama']
Bob Roberts (1992),['Comedy']
Dazed and Confused (1993),['Comedy']
"Scout, The (1994)",['Drama']
Trees Lounge (1996),['Drama']
Brazil (1985),['Sci-Fi']
"English Patient, The (1996)","['Drama', 'Romance', 'War']"
Heavenly Creatures (1994),"['Drama', 'Fantasy', 'Thriller']"
While You Were Sleeping (1995),"['Comedy', 'Romance']"
Akira (1988),"['Adventure', 'Animation', 'Sci-Fi', 'Thriller']"
Ghost (1990),"['Comedy', 'Romance', 'Thriller']"
"Cook the Thief His Wife & Her Lover, The (1989)",['Drama']
Down by Law (1986),"['Comedy', 'Drama']"
Stargate (1994),"['Action', 'Adventure', 'Sci-Fi']"
"Usual Suspects, The (1995)","['Crime', 'Thriller']"
Absolute Power (1997),"['Mystery', 'Thriller']"
Like Water For Chocolate (Como agua para chocolate) (1992),"['Drama', 'Romance']"
Lost Horizon (1937),['Drama']
Lawnmower Man 2: Beyond Cyberspace (1996),"['Sci-Fi', 'Thriller']"
That Thing You Do! (1996),['Comedy']
"Return of the Pink Panther, The (1974)",['Comedy']
Foreign Correspondent (1940),['Thriller']
"Fifth Element, The (1997)","['Action', 'Sci-Fi']"
Mulholland Falls (1996),"['Crime', 'Film-Noir', 'Thriller']"
"Blues Brothers, The (1980)","['Action', 'Comedy', 'Musical']"
"Corrina, Corrina (1994)","['Comedy', 'Drama', 'Romance']"
"Lion King, The (1994)","['Animation', ""Children's"", 'Musical']"
French Kiss (1995),"['Comedy', 'Romance']"
Aliens (1986),"['Action', 'Sci-Fi', 'Thriller', 'War']"
"Low Down Dirty Shame, A (1994)","['Action', 'Comedy']"
Free Willy (1993),"['Adventure', ""Children's"", 'Drama']"
"American Werewolf in London, An (1981)",['Horror']
"Crying Game, The (1992)","['Action', 'Drama', 'Romance', 'War']"
Home for the Holidays (1995),"['Drama', 'Romance']"
Full Metal Jacket (1987),"['Action', 'Drama', 'War']"
Little Women (1994),['Drama']
It Happened One Night (1934),['Comedy']
Dances with Wolves (1990),"['Adventure', 'Drama', 'Western']"
"Princess Bride, The (1987)","['Action', 'Adventure', 'Comedy', 'Romance']"
"Crossing Guard, The (1995)",['Drama']
To Die For (1995),"['Comedy', 'Drama']"
From Dusk Till Dawn (1996),"['Action', 'Comedy', 'Crime', 'Horror', 'Thriller']"
Apt Pupil (1998),"['Drama', 'Thriller']"
Dial M for Murder (1954),"['Mystery', 'Thriller']"
Once Upon a Time... When We Were Colored (1995),['Drama']
Hot Shots! Part Deux (1993),"['Action', 'Comedy', 'War']"
Raising Arizona (1987),['Comedy']
Three Colors: Blue (1993),['Drama']
Crash (1996),"['Drama', 'Thriller']"
Spy Hard (1996),['Comedy']
Shine (1996),"['Drama', 'Romance']"
"Hour of the Pig, The (1993)","['Drama', 'Mystery']"
Flubber (1997),"[""Children's"", 'Comedy', 'Fantasy']"
Multiplicity (1996),['Comedy']
Ed Wood (1994),"['Comedy', 'Drama']"
Bram Stoker's Dracula (1992),"['Horror', 'Romance']"
George of the Jungle (1997),"[""Children's"", 'Comedy']"
"Hunchback of Notre Dame, The (1996)","['Animation', ""Children's"", 'Musical']"
Naked (1993),['Drama']
M*A*S*H (1970),"['Comedy', 'War']"
"Smile Like Yours, A (1997)","['Comedy', 'Romance']"
"Adventures of Pinocchio, The (1996)","['Adventure', ""Children's""]"
Pinocchio (1940),"['Animation', ""Children's""]"
"Ice Storm, The (1997)",['Drama']
Indiana Jones and the Last Crusade (1989),"['Action', 'Adventure']"
Bed of Roses (1996),"['Drama', 'Romance']"
Devil in a Blue Dress (1995),"['Crime', 'Film-Noir', 'Mystery', 'Thriller']"
"Lost World: Jurassic Park, The (1997)","['Action', 'Adventure', 'Sci-Fi', 'Thriller']"
Reservoir Dogs (1992),"['Crime', 'Thriller']"
Tank Girl (1995),"['Action', 'Comedy', 'Musical', 'Sci-Fi']"
Fallen (1998),"['Action', 'Mystery', 'Thriller']"
Highlander (1986),"['Action', 'Adventure']"
Trainspotting (1996),['Drama']
GoodFellas (1990),"['Crime', 'Drama']"
Star Wars (1977),"['Action', 'Adventure', 'Romance', 'Sci-Fi', 'War']"
Powder (1995),['Drama']
"Godfather: Part II, The (1974)","['Action', 'Crime', 'Drama']"
Evita (1996),"['Drama', 'Musical']"
Psycho (1960),"['Horror', 'Romance', 'Thriller']"
Tin Men (1987),"['Comedy', 'Drama']"
Home Alone (1990),"[""Children's"", 'Comedy']"
Ransom (1996),"['Drama', 'Thriller']"
Beautiful Girls (1996),['Drama']
Dave (1993),"['Comedy', 'Romance']"
Monty Python and the Holy Grail (1974),['Comedy']
Die Hard: With a Vengeance (1995),"['Action', 'Thriller']"
Days of Thunder (1990),"['Action', 'Romance']"
Thinner (1996),"['Horror', 'Thriller']"
Swingers (1996),"['Comedy', 'Drama']"
Fools Rush In (1997),"['Comedy', 'Romance']"
Army of Darkness (1993),"['Action', 'Adventure', 'Comedy', 'Horror', 'Sci-Fi']"
"Bridges of Madison County, The (1995)","['Drama', 'Romance']"
First Knight (1995),"['Action', 'Adventure', 'Drama', 'Romance']"
Picture Perfect (1997),"['Comedy', 'Romance']"
Muriel's Wedding (1994),"['Comedy', 'Romance']"
Dead Man (1995),['Western']
Priest (1994),['Drama']
"Mrs. Brown (Her Majesty, Mrs. Brown) (1997)","['Drama', 'Romance']"
Mary Reilly (1996),"['Drama', 'Thriller']"
Austin Powers: International Man of Mystery (1997),['Comedy']
Mallrats (1995),['Comedy']
Laura (1944),"['Crime', 'Film-Noir', 'Mystery']"
Bedknobs and Broomsticks (1971),"['Adventure', ""Children's"", 'Musical']"
Killing Zoe (1994),['Thriller']
"Spitfire Grill, The (1996)",['Drama']
"Great White Hype, The (1996)",['Comedy']
Babe (1995),"[""Children's"", 'Comedy', 'Drama']"
Quiz Show (1994),['Drama']
Kull the Conqueror (1997),"['Action', 'Adventure']"
"Last Supper, The (1995)","['Drama', 'Thriller']"
"Evening Star, The (1996)","['Comedy', 'Drama']"
"Omen, The (1976)",['Horror']
Kundun (1997),['Drama']
With Honors (1994),"['Comedy', 'Drama']"
Great Expectations (1998),"['Drama', 'Romance']"
"Line King: Al Hirschfeld, The (1996)",['Documentary']
"Professional, The (1994)","['Crime', 'Drama', 'Romance', 'Thriller']"
Michael Collins (1996),"['Drama', 'War']"
"Grifters, The (1990)","['Crime', 'Drama', 'Film-Noir']"
Shiloh (1997),"[""Children's"", 'Drama']"
Independence Day (ID4) (1996),"['Action', 'Sci-Fi', 'War']"
In & Out (1997),['Comedy']
"Hudsucker Proxy, The (1994)","['Comedy', 'Romance']"
Tin Cup (1996),"['Comedy', 'Romance']"
Jane Eyre (1996),"['Drama', 'Romance']"
Braveheart (1995),"['Action', 'Drama', 'War']"
My Fellow Americans (1996),['Comedy']
"Red Firecracker, Green Firecracker (1994)",['Drama']
Orlando (1993),['Drama']
Andre (1994),"['Adventure', ""Children's""]"
Beavis and Butt-head Do America (1996),"['Animation', 'Comedy']"
Houseguest (1994),['Comedy']
"Island of Dr. Moreau, The (1996)","['Sci-Fi', 'Thriller']"
"Juror, The (1996)","['Drama', 'Thriller']"
"Three Musketeers, The (1993)","['Action', 'Adventure', 'Comedy']"
Hamlet (1996),['Drama']
Faithful (1996),['Comedy']
Rosewood (1997),['Drama']
Mary Shelley's Frankenstein (1994),"['Drama', 'Horror']"
Mr. Magoo (1997),['Comedy']
Four Weddings and a Funeral (1994),"['Comedy', 'Romance']"
"Parent Trap, The (1961)","[""Children's"", 'Drama']"
Rising Sun (1993),"['Action', 'Drama', 'Mystery']"
Money Train (1995),['Action']
Donnie Brasco (1997),"['Crime', 'Drama']"
Bringing Up Baby (1938),['Comedy']
"Thieves (Voleurs, Les) (1996)","['Crime', 'Drama', 'Romance']"
Bushwhacked (1995),['Comedy']
Stand by Me (1986),"['Adventure', 'Comedy', 'Drama']"
Mighty Aphrodite (1995),['Comedy']
Beauty and the Beast (1991),"['Animation', ""Children's"", 'Musical']"
Jack (1996),"['Comedy', 'Drama']"
Pretty Woman (1990),"['Comedy', 'Romance']"
High Noon (1952),['Western']
Alien 3 (1992),"['Action', 'Horror', 'Sci-Fi', 'Thriller']"
"American President, The (1995)","['Comedy', 'Drama', 'Romance']"
Amityville: A New Generation (1993),['Horror']
Sophie's Choice (1982),['Drama']
Purple Noon (1960),"['Crime', 'Thriller']"
Father of the Bride (1950),['Comedy']
101 Dalmatians (1996),"[""Children's"", 'Comedy']"
Supercop (1992),"['Action', 'Thriller']"
Michael (1996),"['Comedy', 'Romance']"
Breakdown (1997),"['Action', 'Thriller']"
I.Q. (1994),"['Comedy', 'Romance']"
So Dear to My Heart (1949),"[""Children's"", 'Drama']"
Enchanted April (1991),['Drama']
Terminal Velocity (1994),['Action']
Stalingrad (1993),['War']
"Long Kiss Goodnight, The (1996)","['Action', 'Thriller']"
Higher Learning (1995),['Drama']
East of Eden (1955),['Drama']
"Chamber, The (1996)",['Drama']
Top Gun (1986),"['Action', 'Romance']"
Living in Oblivion (1995),['Comedy']
Star Trek: The Motion Picture (1979),"['Action', 'Adventure', 'Sci-Fi']"
Booty Call (1997),"['Comedy', 'Romance']"
My Left Foot (1989),['Drama']
Touch (1997),['Romance']
Strange Days (1995),"['Action', 'Crime', 'Sci-Fi']"
What Happened Was... (1994),"['Comedy', 'Drama', 'Romance']"
Space Jam (1996),"['Adventure', 'Animation', ""Children's"", 'Comedy', 'Fantasy']"
Fried Green Tomatoes (1991),['Drama']
"Fast, Cheap & Out of Control (1997)",['Documentary']
Striptease (1996),"['Comedy', 'Crime']"
Dumb & Dumber (1994),['Comedy']
Dolores Claiborne (1994),"['Drama', 'Thriller']"
"Perfect World, A (1993)","['Action', 'Drama']"
Apollo 13 (1995),"['Action', 'Drama', 'Thriller']"
Nell (1994),['Drama']
"Madness of King George, The (1994)",['Drama']
Star Trek IV: The Voyage Home (1986),"['Action', 'Adventure', 'Sci-Fi']"
Rebel Without a Cause (1955),['Drama']
Clear and Present Danger (1994),"['Action', 'Adventure', 'Thriller']"
"Prophecy, The (1995)",['Horror']
That Darn Cat! (1997),"[""Children's"", 'Comedy', 'Mystery']"
Heathers (1989),['Comedy']
Snow White and the Seven Dwarfs (1937),"['Animation', ""Children's"", 'Musical']"
Denise Calls Up (1995),['Comedy']
Henry V (1989),"['Drama', 'War']"
Basquiat (1996),['Drama']
Excess Baggage (1997),"['Adventure', 'Romance']"
Roman Holiday (1953),"['Comedy', 'Romance']"
Dracula: Dead and Loving It (1995),"['Comedy', 'Horror']"
Marvin's Room (1996),['Drama']
Arsenic and Old Lace (1944),"['Comedy', 'Mystery', 'Thriller']"
"Flower of My Secret, The (Flor de mi secreto, La) (1995)",['Drama']
City Hall (1996),"['Drama', 'Thriller']"
"Full Monty, The (1997)",['Comedy']
"Clockwork Orange, A (1971)",['Sci-Fi']
Amityville II: The Possession (1982),['Horror']
Menace II Society (1993),"['Action', 'Crime', 'Drama']"
Blown Away (1994),"['Action', 'Thriller']"
Chinatown (1974),"['Film-Noir', 'Mystery', 'Thriller']"
Lost Highway (1997),['Mystery']
Shadowlands (1993),"['Drama', 'Romance']"
True Romance (1993),"['Action', 'Crime', 'Romance']"
Smoke (1995),['Drama']
Bound (1996),"['Crime', 'Drama', 'Romance', 'Thriller']"
Dead Man Walking (1995),['Drama']
Sleeper (1973),"['Comedy', 'Sci-Fi']"
Under Siege (1992),['Action']
"Wild Bunch, The (1969)",['Western']
Unforgiven (1992),['Western']
"Quest, The (1996)","['Action', 'Adventure']"
Raise the Red Lantern (1991),['Drama']
"Secret of Roan Inish, The (1994)",['Adventure']
"Cable Guy, The (1996)",['Comedy']
"Rainmaker, The (1997)",['Drama']
Secrets & Lies (1996),['Drama']
Carrie (1976),['Horror']
"Very Brady Sequel, A (1996)",['Comedy']
SubUrbia (1997),['Comedy']
"Substitute, The (1996)",['Action']
Koyaanisqatsi (1983),"['Documentary', 'War']"
William Shakespeare's Romeo and Juliet (1996),"['Drama', 'Romance']"
"Thousand Acres, A (1997)",['Drama']
Romeo Is Bleeding (1993),"['Crime', 'Thriller']"
Operation Dumbo Drop (1995),"['Action', 'Adventure', 'Comedy', 'War']"
Shall We Dance? (1996),['Comedy']
Escape from L.A. (1996),"['Action', 'Adventure', 'Sci-Fi', 'Thriller']"
"Misérables, Les (1995)","['Drama', 'Musical']"
Down Periscope (1996),['Comedy']
Dirty Dancing (1987),"['Musical', 'Romance']"
Natural Born Killers (1994),"['Action', 'Thriller']"
Mrs. Doubtfire (1993),['Comedy']
"Nightmare Before Christmas, The (1993)","[""Children's"", 'Comedy', 'Musical']"
Matilda (1996),"[""Children's"", 'Comedy']"
Dragonheart (1996),"['Action', 'Adventure', 'Fantasy']"
Nick of Time (1995),"['Action', 'Thriller']"
Shall We Dance? (1937),"['Comedy', 'Musical', 'Romance']"
Welcome to the Dollhouse (1995),"['Comedy', 'Drama']"
"Thin Blue Line, The (1988)",['Documentary']
Maximum Risk (1996),"['Action', 'Adventure', 'Thriller']"
"Adventures of Robin Hood, The (1938)","['Action', 'Adventure']"
Lawrence of Arabia (1962),"['Adventure', 'War']"
Striking Distance (1993),['Action']
On Golden Pond (1981),['Drama']
"Third Man, The (1949)","['Mystery', 'Thriller']"
Showgirls (1995),['Drama']
"Net, The (1995)","['Sci-Fi', 'Thriller']"
Cinderella (1950),"['Animation', ""Children's"", 'Musical']"
Amityville: Dollhouse (1996),['Horror']
Breakfast at Tiffany's (1961),"['Drama', 'Romance']"
Searching for Bobby Fischer (1993),['Drama']
Exit to Eden (1994),['Comedy']
"Mask, The (1994)","['Comedy', 'Crime', 'Fantasy']"
Being There (1979),['Comedy']
Escape to Witch Mountain (1975),"['Adventure', ""Children's"", 'Fantasy']"
Phenomenon (1996),"['Drama', 'Romance']"
Blink (1994),['Thriller']
"Wedding Singer, The (1998)","['Comedy', 'Romance']"
Sgt. Bilko (1996),['Comedy']
Maverick (1994),"['Action', 'Comedy', 'Western']"
Sneakers (1992),"['Crime', 'Drama', 'Sci-Fi']"
"Believers, The (1987)","['Horror', 'Thriller']"
Malice (1993),['Thriller']
Major Payne (1994),['Comedy']
Cool Hand Luke (1967),"['Comedy', 'Drama']"
Microcosmos: Le peuple de l'herbe (1996),['Documentary']
Gridlock'd (1997),['Crime']
Eye for an Eye (1996),"['Drama', 'Thriller']"
Extreme Measures (1996),"['Drama', 'Thriller']"
Moll Flanders (1996),['Drama']
"Room with a View, A (1986)","['Drama', 'Romance']"
Everyone Says I Love You (1996),"['Comedy', 'Musical', 'Romance']"
Some Folks Call It a Sling Blade (1993),"['Drama', 'Thriller']"
She's So Lovely (1997),"['Drama', 'Romance']"
Apocalypse Now (1979),"['Drama', 'War']"
Homeward Bound II: Lost in San Francisco (1996),"['Adventure', ""Children's""]"
Star Trek: Generations (1994),"['Action', 'Adventure', 'Sci-Fi']"
Three Colors: Red (1994),['Drama']
Oliver & Company (1988),"['Animation', ""Children's""]"
Son in Law (1993),['Comedy']
"Ghost and the Darkness, The (1996)","['Action', 'Adventure']"
Rocket Man (1997),['Comedy']
Bastard Out of Carolina (1996),['Drama']
Sirens (1994),"['Comedy', 'Drama']"
"Great Dictator, The (1940)",['Comedy']
"Kiss Me, Guido (1997)",['Comedy']
Night of the Living Dead (1968),"['Horror', 'Sci-Fi']"
Charade (1963),"['Comedy', 'Mystery', 'Romance', 'Thriller']"
Hoodlum (1997),"['Crime', 'Drama', 'Film-Noir']"
Bullets Over Broadway (1994),['Comedy']
"Sex, Lies, and Videotape (1989)",['Drama']
Georgia (1995),['Drama']
Bad Boys (1995),['Action']
Benny & Joon (1993),"['Comedy', 'Romance']"
"Ref, The (1994)",['Comedy']
Local Hero (1983),['Comedy']
"Little Princess, A (1995)","[""Children's"", 'Drama']"
I Know What You Did Last Summer (1997),"['Horror', 'Mystery', 'Thriller']"
Breaking the Waves (1996),['Drama']
Last Dance (1996),['Drama']
Looking for Richard (1996),"['Documentary', 'Drama']"
D3: The Mighty Ducks (1996),"[""Children's"", 'Comedy']"
Manhattan (1979),"['Comedy', 'Drama', 'Romance']"
Emma (1996),"['Drama', 'Romance']"
"American in Paris, An (1951)","['Musical', 'Romance']"
Body Snatchers (1993),"['Horror', 'Sci-Fi', 'Thriller']"
"Blue Angel, The (Blaue Engel, Der) (1930)",['Drama']
Wolf (1994),"['Drama', 'Horror']"
My Life and Times With Antonin Artaud (En compagnie d'Antonin Artaud) (1993),['Drama']
Widows' Peak (1994),['Drama']
Addams Family Values (1993),['Comedy']
"Edge, The (1997)","['Adventure', 'Thriller']"
Sphere (1998),"['Adventure', 'Sci-Fi', 'Thriller']"
How to Make an American Quilt (1995),"['Drama', 'Romance']"
Sunset Blvd. (1950),['Film-Noir']
Wallace & Gromit: The Best of Aardman Animation (1996),['Animation']
Rumble in the Bronx (1995),"['Action', 'Adventure', 'Crime']"
Happy Gilmore (1996),['Comedy']
Disclosure (1994),"['Drama', 'Thriller']"
Unstrung Heroes (1995),"['Comedy', 'Drama']"
"Magnificent Seven, The (1954)","['Action', 'Drama', 'Western']"
Jeffrey (1995),['Comedy']
How to Be a Player (1997),['Comedy']
Drop Zone (1994),['Action']
Butch Cassidy and the Sundance Kid (1969),"['Action', 'Comedy', 'Western']"
Sling Blade (1996),"['Drama', 'Thriller']"
Somebody to Love (1994),['Drama']
"Gay Divorcee, The (1934)","['Comedy', 'Musical', 'Romance']"
Captives (1994),['Drama']
Steel (1997),['Action']
Star Trek V: The Final Frontier (1989),"['Action', 'Adventure', 'Sci-Fi']"
Glory (1989),"['Action', 'Drama', 'War']"
As Good As It Gets (1997),"['Comedy', 'Drama']"
Harriet the Spy (1996),"[""Children's"", 'Comedy']"
"Englishman Who Went Up a Hill, But Came Down a Mountain, The (1995)","['Comedy', 'Romance']"
Forget Paris (1995),"['Comedy', 'Romance']"
Children of the Corn: The Gathering (1996),['Horror']
"Day the Earth Stood Still, The (1951)","['Drama', 'Sci-Fi']"
Hearts and Minds (1996),['Drama']
Palookaville (1996),"['Action', 'Drama']"
Manon of the Spring (Manon des sources) (1986),['Drama']
Phat Beach (1996),['Comedy']
"Die xue shuang xiong (Killer, The) (1989)","['Action', 'Thriller']"
Half Baked (1998),['Comedy']
Love! Valour! Compassion! (1997),"['Drama', 'Romance']"
"Crucible, The (1996)",['Drama']
Private Parts (1997),"['Comedy', 'Drama']"
Mixed Nuts (1994),['Comedy']
Casino (1995),['Drama']
"Time to Kill, A (1996)",['Drama']
"Pillow Book, The (1995)","['Drama', 'Romance']"
Harold and Maude (1971),['Comedy']
Crows and Sparrows (1949),['Drama']
Sudden Death (1995),['Action']
Air Force One (1997),"['Action', 'Thriller']"
Dingo (1992),['Drama']
Some Kind of Wonderful (1987),"['Drama', 'Romance']"
Cat People (1982),['Horror']
"Nutty Professor, The (1996)","['Comedy', 'Fantasy', 'Romance', 'Sci-Fi']"
Gandhi (1982),['Drama']
Of Human Bondage (1934),['Drama']
Poetic Justice (1993),['Drama']
"Manchurian Candidate, The (1962)","['Film-Noir', 'Thriller']"
When We Were Kings (1996),['Documentary']
"Horseman on the Roof, The (Hussard sur le toit, Le) (1995)",['Drama']
"Transformers: The Movie, The (1986)","['Action', 'Animation', ""Children's"", 'Sci-Fi', 'Thriller', 'War']"
Death and the Maiden (1994),"['Drama', 'Thriller']"
Cold Comfort Farm (1995),['Comedy']
"Postman, The (1997)",['Drama']
Boys on the Side (1995),"['Comedy', 'Drama']"
Jungle2Jungle (1997),"[""Children's"", 'Comedy']"
"Piano, The (1993)","['Drama', 'Romance']"
Don Juan DeMarco (1995),"['Comedy', 'Drama', 'Romance']"
FairyTale: A True Story (1997),"[""Children's"", 'Drama', 'Fantasy']"
Waiting for Guffman (1996),['Comedy']
Paths of Glory (1957),"['Drama', 'War']"
Big Bully (1996),"['Comedy', 'Drama']"
If Lucy Fell (1996),"['Comedy', 'Romance']"
2 Days in the Valley (1996),['Crime']
Six Degrees of Separation (1993),"['Drama', 'Mystery']"
Serial Mom (1994),"['Comedy', 'Crime', 'Horror']"
Total Eclipse (1995),['Drama']
Ma vie en rose (My Life in Pink) (1997),"['Comedy', 'Drama']"
Midnight in the Garden of Good and Evil (1997),"['Comedy', 'Crime', 'Drama', 'Mystery']"
She's the One (1996),"['Comedy', 'Romance']"
Robin Hood: Prince of Thieves (1991),['Drama']
Another Stakeout (1993),"['Comedy', 'Thriller']"
Species (1995),['Sci-Fi']
Selena (1997),"['Drama', 'Musical']"
Cat on a Hot Tin Roof (1958),['Drama']
"Inkwell, The (1994)","['Comedy', 'Drama']"
"Pallbearer, The (1996)",['Comedy']
Cyrano de Bergerac (1990),"['Action', 'Drama', 'Romance']"
Deceiver (1997),['Crime']
Bride of Frankenstein (1935),['Horror']
Much Ado About Nothing (1993),"['Comedy', 'Romance']"
Some Like It Hot (1959),"['Comedy', 'Crime']"
Leaving Las Vegas (1995),"['Drama', 'Romance']"
"Thin Line Between Love and Hate, A (1996)",['Comedy']
Ran (1985),"['Drama', 'War']"
Demolition Man (1993),"['Action', 'Sci-Fi']"
8 1/2 (1963),['Drama']
"Life Less Ordinary, A (1997)","['Romance', 'Thriller']"
Original Gangstas (1996),['Crime']
Diva (1981),"['Action', 'Drama', 'Mystery', 'Romance', 'Thriller']"
What's Love Got to Do with It (1993),['Drama']
"Phantom, The (1996)",['Adventure']
"Paper, The (1994)","['Comedy', 'Drama']"
Batman & Robin (1997),"['Action', 'Adventure', 'Crime']"
Fierce Creatures (1997),['Comedy']
"Murder, My Sweet (1944)","['Film-Noir', 'Thriller']"
Pocahontas (1995),"['Animation', ""Children's"", 'Musical', 'Romance']"
Kalifornia (1993),"['Drama', 'Thriller']"
Poison Ivy II (1995),"['Drama', 'Thriller']"
In the Bleak Midwinter (1995),['Comedy']
"House of Yes, The (1997)","['Comedy', 'Drama', 'Thriller']"
Beyond Rangoon (1995),['Drama']
Mouse Hunt (1997),"[""Children's"", 'Comedy']"
Mrs. Winterbourne (1996),"['Comedy', 'Romance']"
Ace Ventura: When Nature Calls (1995),['Comedy']
"Walk in the Clouds, A (1995)","['Drama', 'Romance']"
Titanic (1997),"['Action', 'Drama', 'Romance']"
Friday (1995),['Comedy']
"Haunted World of Edward D. Wood Jr., The (1995)",['Documentary']
Chungking Express (1994),"['Drama', 'Mystery', 'Romance']"
"Thin Man, The (1934)",['Mystery']
Mad Love (1995),"['Drama', 'Romance']"
Patton (1970),"['Drama', 'War']"
"Aristocats, The (1970)","['Animation', ""Children's""]"
For Love or Money (1993),['Comedy']
Mute Witness (1994),['Thriller']
His Girl Friday (1940),['Comedy']
Raging Bull (1980),['Drama']
McHale's Navy (1997),"['Comedy', 'War']"
Kids (1995),['Drama']
Farewell My Concubine (1993),"['Drama', 'Romance']"
Clerks (1994),['Comedy']
Short Cuts (1993),['Drama']
Career Girls (1997),['Drama']
Kissed (1996),['Romance']
Hackers (1995),"['Action', 'Crime', 'Thriller']"
"Young Poisoner's Handbook, The (1995)",['Crime']
Platoon (1986),"['Drama', 'War']"
Kiss of Death (1995),"['Crime', 'Drama', 'Thriller']"
"Relic, The (1997)",['Horror']
"Program, The (1993)","['Action', 'Drama']"
Oscar & Lucinda (1997),"['Drama', 'Romance']"
Addicted to Love (1997),"['Comedy', 'Romance']"
Tombstone (1993),['Western']
Carrington (1995),"['Drama', 'Romance']"
Murder in the First (1995),"['Drama', 'Thriller']"
Threesome (1994),"['Comedy', 'Romance']"
"Big Sleep, The (1946)","['Film-Noir', 'Mystery']"
Boogie Nights (1997),['Drama']
Grease 2 (1982),"['Comedy', 'Musical', 'Romance']"
"Man Who Would Be King, The (1975)",['Adventure']
"Killing Fields, The (1984)","['Drama', 'War']"
Red Corner (1997),"['Crime', 'Thriller']"
Mr. Jones (1993),"['Drama', 'Romance']"
Johnny Mnemonic (1995),"['Action', 'Sci-Fi', 'Thriller']"
Die Hard 2 (1990),"['Action', 'Thriller']"
"Second Jungle Book: Mowgli & Baloo, The (1997)","['Adventure', ""Children's""]"
"Ruling Class, The (1972)",['Comedy']
"Horse Whisperer, The (1998)",['Drama']
To Gillian on Her 37th Birthday (1996),"['Drama', 'Romance']"
Meet Me in St. Louis (1944),['Musical']
City Slickers II: The Legend of Curly's Gold (1994),"['Comedy', 'Western']"
Before and After (1996),"['Drama', 'Mystery']"
"Band Wagon, The (1953)","['Comedy', 'Musical']"
My Life as a Dog (Mitt liv som hund) (1985),['Drama']
"Crow: City of Angels, The (1996)","['Action', 'Thriller']"
Last Man Standing (1996),"['Action', 'Drama', 'Western']"
Smilla's Sense of Snow (1997),"['Action', 'Drama', 'Thriller']"
Screamers (1995),['Sci-Fi']
Until the End of the World (Bis ans Ende der Welt) (1991),"['Drama', 'Sci-Fi']"
Under Siege 2: Dark Territory (1995),['Action']
High School High (1996),['Comedy']
"Doom Generation, The (1995)","['Comedy', 'Drama']"
All Dogs Go to Heaven 2 (1996),"['Animation', ""Children's"", 'Musical']"
"Amityville Horror, The (1979)",['Horror']
So I Married an Axe Murderer (1993),"['Comedy', 'Romance', 'Thriller']"
"Double vie de Véronique, La (Double Life of Veronique, The) (1991)",['Drama']
"Garden of Finzi-Contini, The (Giardino dei Finzi-Contini, Il) (1970)",['Drama']
James and the Giant Peach (1996),"['Animation', ""Children's"", 'Musical']"
Manny & Lo (1996),['Drama']
"Client, The (1994)","['Drama', 'Mystery', 'Thriller']"
"Great Race, The (1965)","['Comedy', 'Musical']"
Crooklyn (1994),['Comedy']
Man of the Year (1995),['Documentary']
Amos & Andrew (1993),['Comedy']
"Convent, The (Convento, O) (1995)",['Drama']
Mother Night (1996),['Drama']
Foxfire (1996),['Drama']
Meet Wally Sparks (1997),['Comedy']
Cops and Robbersons (1994),['Comedy']
Free Willy 3: The Rescue (1997),"['Adventure', ""Children's"", 'Drama']"
Better Off Dead... (1985),['Comedy']
"39 Steps, The (1935)",['Thriller']
Heavy Metal (1981),"['Action', 'Adventure', 'Animation', 'Horror', 'Sci-Fi']"
"Basketball Diaries, The (1995)",['Drama']
Cemetery Man (Dellamorte Dellamore) (1994),"['Comedy', 'Horror']"
Robin Hood: Men in Tights (1993),['Comedy']
"Rich Man's Wife, The (1996)",['Thriller']
In the Line of Fire (1993),"['Action', 'Thriller']"
Mediterraneo (1991),"['Comedy', 'War']"
"Mark of Zorro, The (1940)",['Adventure']
Wild Bill (1995),['Western']
Braindead (1992),"['Comedy', 'Horror']"
"Wings of the Dove, The (1997)","['Drama', 'Romance', 'Thriller']"
Shallow Grave (1994),['Thriller']
Fear (1996),['Thriller']
Incognito (1997),"['Crime', 'Thriller']"
The Innocent (1994),"['Drama', 'Romance']"
"House of the Spirits, The (1993)","['Drama', 'Romance']"
Stuart Saves His Family (1995),['Comedy']
Event Horizon (1997),"['Action', 'Mystery', 'Sci-Fi', 'Thriller']"
Anna Karenina (1997),"['Drama', 'Romance']"
Winnie the Pooh and the Blustery Day (1968),"['Animation', ""Children's""]"
Private Benjamin (1980),['Comedy']
"Seventh Seal, The (Sjunde inseglet, Det) (1957)",['Drama']
Paradise Lost: The Child Murders at Robin Hood Hills (1996),['Documentary']
"Santa Clause, The (1994)","[""Children's"", 'Comedy']"
Funny Face (1957),"['Comedy', 'Musical']"
Rosencrantz and Guildenstern Are Dead (1990),"['Comedy', 'Drama']"
Don't Be a Menace to South Central While Drinking Your Juice in the Hood (1996),['Comedy']
Washington Square (1997),['Drama']
Zeus and Roxanne (1997),"[""Children's""]"
Jade (1995),['Thriller']
"Perez Family, The (1995)","['Comedy', 'Romance']"
Giant (1956),['Drama']
"Shadow, The (1994)",['Action']
Judgment Night (1993),['Action']
"Love Bug, The (1969)","[""Children's"", 'Comedy']"
Congo (1995),"['Action', 'Adventure', 'Mystery', 'Sci-Fi']"
Boomerang (1992),"['Comedy', 'Romance']"
Ace Ventura: Pet Detective (1994),['Comedy']
"Three Caballeros, The (1945)","['Animation', ""Children's"", 'Musical']"
"Stupids, The (1996)",['Comedy']
Timecop (1994),"['Action', 'Sci-Fi']"
Telling Lies in America (1997),['Drama']
"Replacement Killers, The (1998)","['Action', 'Thriller']"
Inventing the Abbotts (1997),"['Drama', 'Romance']"
"Kid in King Arthur's Court, A (1995)","['Adventure', ""Children's"", 'Comedy', 'Fantasy', 'Romance', 'Sci-Fi']"
Deconstructing Harry (1997),"['Comedy', 'Drama']"
Once Were Warriors (1994),"['Crime', 'Drama']"
Vanya on 42nd Street (1994),['Drama']
Every Other Weekend (1990),['Drama']
First Kid (1996),"[""Children's"", 'Comedy']"
Man of the House (1995),['Comedy']
Ponette (1996),['Drama']
Black Sheep (1996),['Comedy']
Best of the Best 3: No Turning Back (1995),['Action']
Soul Food (1997),['Drama']
Victor/Victoria (1982),"['Comedy', 'Musical']"
Something to Talk About (1995),"['Comedy', 'Drama', 'Romance']"
Jack and Sarah (1995),['Romance']
Things to Do in Denver when You're Dead (1995),"['Crime', 'Drama', 'Romance']"
Cinema Paradiso (1988),"['Comedy', 'Drama', 'Romance']"
Losing Isaiah (1995),['Drama']
Tales from the Crypt Presents: Bordello of Blood (1996),['Horror']
Picnic (1955),['Drama']
G.I. Jane (1997),"['Action', 'Drama', 'War']"
"Frighteners, The (1996)","['Comedy', 'Horror']"
Sleepers (1996),"['Crime', 'Drama']"
In the Company of Men (1997),['Drama']
Crimson Tide (1995),"['Drama', 'Thriller', 'War']"
I Love Trouble (1994),"['Action', 'Comedy']"
My Favorite Year (1982),['Comedy']
To Catch a Thief (1955),"['Comedy', 'Romance', 'Thriller']"
Loch Ness (1995),"['Horror', 'Thriller']"
Jaws 3-D (1983),"['Action', 'Horror']"
Jude (1996),['Drama']
Homage (1995),['Drama']
Daylight (1996),"['Action', 'Adventure', 'Thriller']"
Lone Star (1996),"['Drama', 'Mystery']"
Wyatt Earp (1994),['Western']
"Shaggy Dog, The (1959)","[""Children's"", 'Comedy']"
Freeway (1996),['Crime']
Alice in Wonderland (1951),"['Animation', ""Children's"", 'Musical']"
Hellraiser: Bloodline (1996),"['Action', 'Horror', 'Sci-Fi']"
Ready to Wear (Pret-A-Porter) (1994),['Comedy']
Loaded (1994),"['Drama', 'Thriller']"
Scream 2 (1997),"['Horror', 'Thriller']"
Walkabout (1971),['Drama']
Wes Craven's New Nightmare (1994),['Horror']
All About Eve (1950),['Drama']
Candyman: Farewell to the Flesh (1995),['Horror']
Candyman (1992),['Horror']
"Secret Garden, The (1993)","[""Children's"", 'Drama']"
"Deer Hunter, The (1978)","['Drama', 'War']"
Junior (1994),"['Comedy', 'Sci-Fi']"
"Jackal, The (1997)","['Action', 'Thriller']"
Desperate Measures (1998),"['Crime', 'Drama', 'Thriller']"
April Fool's Day (1986),"['Comedy', 'Horror']"
Beverly Hills Ninja (1997),"['Action', 'Comedy']"
"Baby-Sitters Club, The (1995)","[""Children's""]"
Basic Instinct (1992),"['Mystery', 'Thriller']"
Notorious (1946),"['Film-Noir', 'Romance', 'Thriller']"
Bread and Chocolate (Pane e cioccolata) (1973),['Drama']
No Escape (1994),"['Action', 'Sci-Fi']"
"Beautician and the Beast, The (1997)","['Comedy', 'Romance']"
Escape from New York (1981),"['Action', 'Adventure', 'Sci-Fi', 'Thriller']"
Barbarella (1968),"['Adventure', 'Sci-Fi']"
"Daytrippers, The (1996)",['Mystery']
Swept from the Sea (1997),['Romance']
Eddie (1996),['Comedy']
Around the World in 80 Days (1956),"['Adventure', 'Comedy']"
Live Nude Girls (1995),['Comedy']
Window to Paris (1994),['Comedy']
Belle de jour (1967),['Drama']
3 Ninjas: High Noon At Mega Mountain (1998),"['Action', ""Children's""]"
To Live (Huozhe) (1994),['Drama']
"Glimmer Man, The (1996)","['Action', 'Thriller']"
In the Line of Duty 2 (1987),['Action']
Barcelona (1994),"['Comedy', 'Romance']"
Gaslight (1944),"['Mystery', 'Thriller']"
"Big Blue, The (Grand bleu, Le) (1988)","['Adventure', 'Romance']"
Lightning Jack (1994),"['Comedy', 'Western']"
Theodore Rex (1995),['Comedy']
Metisse (Café au Lait) (1993),['Comedy']
Swiss Family Robinson (1960),"['Adventure', ""Children's""]"
"Apartment, The (1960)","['Comedy', 'Drama']"
Kama Sutra: A Tale of Love (1996),['Romance']
Primary Colors (1998),['Drama']
Bananas (1971),"['Comedy', 'War']"
Celtic Pride (1996),['Comedy']
187 (1997),['Drama']
Hard Target (1993),"['Action', 'Adventure', 'Crime', 'Thriller']"
Nadja (1994),['Drama']
Fire Down Below (1997),"['Action', 'Drama', 'Thriller']"
Bird of Prey (1996),['Action']
Immortal Beloved (1994),"['Drama', 'Romance']"
Alaska (1996),"['Adventure', ""Children's""]"
"NeverEnding Story III, The (1994)","[""Children's"", 'Fantasy']"
Feeling Minnesota (1996),"['Drama', 'Romance']"
Hercules (1997),"['Adventure', 'Animation', ""Children's"", 'Comedy', 'Musical']"
Mr. Smith Goes to Washington (1939),['Drama']
"Big Green, The (1995)","[""Children's"", 'Comedy']"
"Quick and the Dead, The (1995)","['Action', 'Adventure', 'Western']"
Touch of Evil (1958),"['Crime', 'Film-Noir', 'Thriller']"
Faster Pussycat! Kill! Kill! (1965),"['Action', 'Comedy', 'Drama']"
"Modern Affair, A (1995)",['Romance']
Eat Drink Man Woman (1994),"['Comedy', 'Drama']"
"Whole Wide World, The (1996)",['Drama']
Money Talks (1997),"['Action', 'Comedy']"
Weekend at Bernie's (1989),['Comedy']
"Cowboy Way, The (1994)","['Action', 'Comedy']"
Up in Smoke (1978),['Comedy']
Gigi (1958),['Musical']
Eve's Bayou (1997),['Drama']
Penny Serenade (1941),"['Drama', 'Romance']"
City of Angels (1998),['Romance']
Billy Madison (1995),['Comedy']
Balto (1995),"['Animation', ""Children's""]"
Playing God (1997),"['Crime', 'Thriller']"
Surviving Picasso (1996),['Drama']
Fresh (1994),['Drama']
Walking and Talking (1996),['Romance']
Gattaca (1997),"['Drama', 'Sci-Fi', 'Thriller']"
Now and Then (1995),['Drama']
"Stars Fell on Henrietta, The (1995)",['Drama']
Mighty Morphin Power Rangers: The Movie (1995),"['Action', ""Children's""]"
"Davy Crockett, King of the Wild Frontier (1955)",['Western']
Rebecca (1940),"['Romance', 'Thriller']"
"Beverly Hillbillies, The (1993)",['Comedy']
Castle Freak (1995),['Horror']
Miami Rhapsody (1995),['Comedy']
Unforgettable (1996),"['Sci-Fi', 'Thriller']"
"Craft, The (1996)","['Drama', 'Horror']"
Radioland Murders (1994),"['Comedy', 'Mystery', 'Romance']"
Rob Roy (1995),"['Drama', 'Romance', 'War']"
Clean Slate (1994),['Comedy']
Hideaway (1995),['Thriller']
Critical Care (1997),['Comedy']
Stealing Beauty (1996),['Drama']
Last Action Hero (1993),"['Action', 'Comedy']"
"Bronx Tale, A (1993)",['Drama']
Thirty-Two Short Films About Glenn Gould (1993),['Documentary']
Manhattan Murder Mystery (1993),"['Comedy', 'Mystery']"
"Treasure of the Sierra Madre, The (1948)",['Adventure']
Drop Dead Fred (1991),"['Comedy', 'Fantasy']"
Robert A. Heinlein's The Puppet Masters (1994),"['Horror', 'Sci-Fi']"
Home Alone 3 (1997),"[""Children's"", 'Comedy']"
Boxing Helena (1993),"['Mystery', 'Romance', 'Thriller']"
Mrs. Parker and the Vicious Circle (1994),['Drama']
Delta of Venus (1994),['Drama']
"Return of Martin Guerre, The (Retour de Martin Guerre, Le) (1982)",['Drama']
Surviving the Game (1994),"['Action', 'Adventure', 'Thriller']"
Safe (1995),['Thriller']
Amateur (1994),"['Crime', 'Drama', 'Thriller']"
Anne Frank Remembered (1995),['Documentary']
"Specialist, The (1994)",['Action']
"Old Lady Who Walked in the Sea, The (Vieille qui marchait dans la mer, La) (1991)",['Comedy']
"Assignment, The (1997)",['Thriller']
Fatal Instinct (1993),['Comedy']
Year of the Horse (1997),['Documentary']
Dark City (1998),"['Film-Noir', 'Sci-Fi', 'Thriller']"
Unzipped (1995),['Documentary']
Air Bud (1997),"[""Children's"", 'Comedy']"
Cobb (1994),['Drama']
Sliver (1993),['Thriller']
"Body Snatcher, The (1945)",['Horror']
Kids in the Hall: Brain Candy (1996),['Comedy']
"Fog, The (1980)",['Horror']
"Doors, The (1991)","['Drama', 'Musical']"
Carlito's Way (1993),"['Crime', 'Drama']"
Female Perversions (1996),['Drama']
Barb Wire (1996),"['Action', 'Sci-Fi']"
Of Love and Shadows (1994),['Drama']
Anaconda (1997),"['Action', 'Adventure', 'Thriller']"
Spanking the Monkey (1994),"['Comedy', 'Drama']"
Star Maps (1997),['Drama']
Philadelphia (1993),['Drama']
Spice World (1997),"['Comedy', 'Musical']"
Bulletproof (1996),['Action']
Nine Months (1995),['Comedy']
Forbidden Planet (1956),['Sci-Fi']
"Air Up There, The (1994)",['Comedy']
Ridicule (1996),['Drama']
Spawn (1997),"['Action', 'Adventure', 'Sci-Fi', 'Thriller']"
"Affair to Remember, An (1957)",['Romance']
Lover's Knot (1996),['Comedy']
"Nosferatu (Nosferatu, eine Symphonie des Grauens) (1922)",['Horror']
Keys to Tulsa (1997),['Crime']
"Christmas Carol, A (1938)",['Drama']
Two Much (1996),"['Comedy', 'Romance']"
I Like It Like That (1994),"['Comedy', 'Drama', 'Romance']"
"Portrait of a Lady, The (1996)",['Drama']
Street Fighter (1994),['Action']
Power 98 (1995),"['Action', 'Mystery', 'Thriller']"
White Squall (1996),"['Adventure', 'Drama']"
Solo (1996),"['Action', 'Sci-Fi', 'Thriller']"
"Arrival, The (1996)","['Action', 'Sci-Fi', 'Thriller']"
Black Beauty (1994),"['Adventure', ""Children's""]"
Prefontaine (1997),['Drama']
Heaven's Prisoners (1996),"['Mystery', 'Thriller']"
"Blob, The (1958)","['Horror', 'Sci-Fi']"
"Jerky Boys, The (1994)","['Action', 'Comedy']"
Blues Brothers 2000 (1998),"['Action', 'Comedy', 'Musical']"
"Scarlet Letter, The (1995)",['Drama']
Highlander III: The Sorcerer (1994),"['Action', 'Sci-Fi']"
"Van, The (1996)","['Comedy', 'Drama']"
My Man Godfrey (1936),['Comedy']
M (1931),"['Crime', 'Film-Noir', 'Thriller']"
Made in America (1993),['Comedy']
"Fox and the Hound, The (1981)","['Animation', ""Children's""]"
Love and Death on Long Island (1997),['Comedy']
"Women, The (1939)",['Comedy']
Feast of July (1995),['Drama']
"Ballad of Narayama, The (Narayama Bushiko) (1958)",['Drama']
Reality Bites (1994),"['Comedy', 'Drama']"
Switchblade Sisters (1975),['Crime']
Night on Earth (1991),"['Comedy', 'Drama']"
Flesh and Bone (1993),"['Drama', 'Mystery', 'Romance']"
Firestorm (1998),"['Action', 'Adventure', 'Thriller']"
Shanghai Triad (Yao a yao yao dao waipo qiao) (1995),['Drama']
"Month by the Lake, A (1995)","['Comedy', 'Drama']"
Rent-a-Kid (1995),['Comedy']
Super Mario Bros. (1993),"['Action', 'Adventure', ""Children's"", 'Sci-Fi']"
Persuasion (1995),['Romance']
"Pyromaniac's Love Story, A (1995)","['Comedy', 'Romance']"
"War Room, The (1993)",['Documentary']
Go Fish (1994),"['Drama', 'Romance']"
"Associate, The (1996)",['Comedy']
Dead Presidents (1995),"['Action', 'Crime', 'Drama']"
Antonia's Line (1995),['Drama']
Virtuosity (1995),"['Sci-Fi', 'Thriller']"
Ruby in Paradise (1993),['Drama']
Top Hat (1935),"['Comedy', 'Musical', 'Romance']"
Stephen King's The Langoliers (1995),['Horror']
"Hate (Haine, La) (1995)",['Drama']
"Simple Wish, A (1997)","[""Children's"", 'Fantasy']"
Nixon (1995),['Drama']
Vegas Vacation (1997),['Comedy']
Four Days in September (1997),['Drama']
Spellbound (1945),"['Mystery', 'Romance', 'Thriller']"
Relative Fear (1994),"['Horror', 'Thriller']"
"Babysitter, The (1995)","['Drama', 'Thriller']"
Out to Sea (1997),['Comedy']
Farinelli: il castrato (1994),"['Drama', 'Musical']"
Brassed Off (1996),"['Comedy', 'Drama', 'Romance']"
American Strays (1996),['Action']
Lord of Illusions (1995),['Horror']
Farmer & Chase (1995),['Comedy']
Little Odessa (1994),['Drama']
Angus (1995),['Comedy']
"Ghost and Mrs. Muir, The (1947)","['Drama', 'Romance']"
Turbulence (1997),['Thriller']
Young Guns II (1990),"['Action', 'Comedy', 'Western']"
Talking About Sex (1994),"['Comedy', 'Drama']"
Bitter Moon (1992),['Drama']
"Apple Dumpling Gang, The (1975)","[""Children's"", 'Comedy', 'Western']"
"Stranger, The (1994)",['Action']
Once Upon a Time in the West (1969),['Western']
"Big Lebowski, The (1998)","['Comedy', 'Crime', 'Mystery', 'Thriller']"
White Man's Burden (1995),['Drama']
"Flintstones, The (1994)","[""Children's"", 'Comedy']"
Cutthroat Island (1995),"['Action', 'Adventure', 'Romance']"
Set It Off (1996),"['Action', 'Crime']"
Wishmaster (1997),['Horror']
"Preacher's Wife, The (1996)",['Drama']
Passion Fish (1992),['Drama']
In Love and War (1996),"['Romance', 'War']"
Paris Is Burning (1990),['Documentary']
"Paris, Texas (1984)",['Drama']
Richie Rich (1994),"[""Children's"", 'Comedy']"
Airheads (1994),['Comedy']
C'est arrivé près de chez vous (1992),"['Comedy', 'Crime', 'Drama']"
Milk Money (1994),"['Comedy', 'Romance']"
Judge Dredd (1995),"['Action', 'Adventure', 'Sci-Fi']"
Othello (1995),['Drama']
"Old Man and the Sea, The (1958)","['Adventure', 'Drama']"
"Man Who Knew Too Little, The (1997)","['Comedy', 'Mystery']"
"Truman Show, The (1998)",['Drama']
Gold Diggers: The Secret of Bear Mountain (1995),"['Adventure', ""Children's""]"
Girl 6 (1996),['Comedy']
"Sweet Hereafter, The (1997)",['Drama']
"Prophecy II, The (1998)",['Horror']
Geronimo: An American Legend (1993),"['Drama', 'Western']"
I Shot Andy Warhol (1996),['Drama']
"Newton Boys, The (1998)","['Crime', 'Drama']"
"Perfect Candidate, A (1996)",['Documentary']
Night Falls on Manhattan (1997),"['Crime', 'Drama']"
"Tin Drum, The (Blechtrommel, Die) (1979)",['Drama']
Aladdin and the King of Thieves (1996),"['Animation', ""Children's"", 'Comedy']"
Nil By Mouth (1997),['Drama']
Santa with Muscles (1996),['Comedy']
"Boys, Les (1997)",['Comedy']
"Pest, The (1997)",['Comedy']
Flirt (1995),['Drama']
M. Butterfly (1993),['Drama']
Maya Lin: A Strong Clear Vision (1994),['Documentary']
Two if by Sea (1996),"['Comedy', 'Romance']"
"Pompatus of Love, The (1996)","['Comedy', 'Drama']"
My Own Private Idaho (1991),['Drama']
Head Above Water (1996),"['Comedy', 'Thriller']"
Squeeze (1996),['Drama']
Even Cowgirls Get the Blues (1993),"['Comedy', 'Romance']"
"Boys of St. Vincent, The (1993)",['Drama']
Ghosts of Mississippi (1996),['Drama']
"Awfully Big Adventure, An (1995)",['Drama']
Heidi Fleiss: Hollywood Madam (1995),['Documentary']
"Machine, The (1994)","['Comedy', 'Horror']"
Little Big League (1994),"[""Children's"", 'Comedy']"
Party Girl (1995),['Comedy']
"Great Day in Harlem, A (1994)",['Documentary']
"Candidate, The (1972)",['Drama']
"Tie That Binds, The (1995)",['Thriller']
Catwalk (1995),['Documentary']
Rhyme & Reason (1997),['Documentary']
Burnt By the Sun (1994),['Drama']
"Farewell to Arms, A (1932)","['Romance', 'War']"
"Fear, The (1995)",['Horror']
Life with Mikey (1993),['Comedy']
Speed 2: Cruise Control (1997),"['Action', 'Romance', 'Thriller']"
"Last Time I Saw Paris, The (1954)",['Drama']
That Old Feeling (1997),"['Comedy', 'Romance']"
Madame Butterfly (1995),['Musical']
"Maybe, Maybe Not (Bewegte Mann, Der) (1994)",['Comedy']
"Howling, The (1981)","['Comedy', 'Horror']"
Fear of a Black Hat (1993),['Comedy']
Hard Rain (1998),"['Action', 'Thriller']"
Anastasia (1997),"['Animation', ""Children's"", 'Musical']"
For Whom the Bell Tolls (1943),"['Adventure', 'War']"
"Browning Version, The (1994)",['Drama']
Tetsuo II: Body Hammer (1992),['Sci-Fi']
Little Buddha (1993),['Drama']
Fathers' Day (1997),['Comedy']
Amityville 1992: It's About Time (1992),['Horror']
Sunset Park (1996),['Drama']
"Funeral, The (1996)",['Drama']
Love and a .45 (1994),['Thriller']
"Inspector General, The (1949)",['Musical']
I'm Not Rappaport (1996),['Comedy']
When a Man Loves a Woman (1994),['Drama']
Nobody's Fool (1994),['Drama']
Deep Rising (1998),"['Action', 'Horror', 'Sci-Fi']"
Metro (1997),['Action']
Fair Game (1995),['Action']
Mrs. Dalloway (1997),['Romance']
I'll Do Anything (1994),"['Comedy', 'Drama']"
Pie in the Sky (1995),"['Comedy', 'Romance']"
"Substance of Fire, The (1996)",['Drama']
"Swan Princess, The (1994)","['Animation', ""Children's""]"
Gone Fishin' (1997),['Comedy']
Flipper (1996),"['Adventure', ""Children's""]"
Madonna: Truth or Dare (1991),['Documentary']
One Night Stand (1997),['Drama']
Guilty as Sin (1993),"['Crime', 'Drama', 'Thriller']"
Trial and Error (1997),"['Comedy', 'Romance']"
Bad Taste (1987),"['Comedy', 'Horror']"
Citizen Ruth (1996),"['Comedy', 'Drama']"
Halloween: The Curse of Michael Myers (1995),"['Horror', 'Thriller']"
Albino Alligator (1996),"['Crime', 'Thriller']"
Mina Tannenbaum (1994),['Drama']
"Tango Lesson, The (1997)",['Romance']
Margaret's Museum (1995),['Drama']
For Richer or Poorer (1997),['Comedy']
Three Wishes (1995),['Drama']
"Innocent Sleep, The (1995)",['Crime']
"Grass Harp, The (1995)",['Drama']
Blue in the Face (1995),['Comedy']
I Can't Sleep (J'ai pas sommeil) (1994),"['Drama', 'Thriller']"
Vermin (1998),['Comedy']
Nosferatu a Venezia (1986),['Horror']
Mr. Wrong (1996),['Comedy']
Exotica (1994),['Drama']
"Big Squeeze, The (1996)","['Comedy', 'Drama']"
Herbie Rides Again (1974),"['Adventure', ""Children's"", 'Comedy']"
Love Affair (1994),"['Drama', 'Romance']"
"Sum of Us, The (1994)",['Comedy']
'Til There Was You (1997),"['Drama', 'Romance']"
"Bye Bye, Love (1995)",['Comedy']
Beyond Bedlam (1993),"['Drama', 'Horror']"
Hard Eight (1996),"['Crime', 'Thriller']"
Ayn Rand: A Sense of Life (1997),['Documentary']
Good Morning (1971),['unknown']
Chasers (1994),['Comedy']
In the Mouth of Madness (1995),"['Horror', 'Thriller']"
Double Team (1997),['Action']
Cats Don't Dance (1997),"['Animation', ""Children's"", 'Musical']"
Carried Away (1996),"['Drama', 'Romance']"
"Little Princess, The (1939)","[""Children's"", 'Drama']"
"Getaway, The (1994)",['Action']
Underground (1995),['War']
Hugo Pool (1997),['Romance']
Heavy (1995),"['Drama', 'Romance']"
"White Balloon, The (1995)",['Drama']
Robocop 3 (1993),"['Sci-Fi', 'Thriller']"
Hear My Song (1991),['Comedy']
Reckless (1995),['Comedy']
Mortal Kombat (1995),"['Action', 'Adventure']"
Caro Diario (Dear Diary) (1994),"['Comedy', 'Drama']"
Faust (1994),['Animation']
Beverly Hills Cop III (1994),"['Action', 'Comedy']"
Meet John Doe (1941),['Drama']
"Very Natural Thing, A (1974)",['Drama']
Indian Summer (1996),"['Comedy', 'Drama']"
Village of the Damned (1995),"['Horror', 'Thriller']"
Fearless (1993),['Drama']
Love & Human Remains (1993),['Comedy']
Drunks (1995),['Drama']
Roseanna's Grave (For Roseanna) (1997),"['Comedy', 'Romance']"
Paris Was a Woman (1995),['Documentary']
Faces (1968),['Drama']
Jingle All the Way (1996),"['Adventure', ""Children's"", 'Comedy']"
"Fille seule, La (A Single Girl) (1995)",['Drama']
Little Lord Fauntleroy (1936),['Drama']
Bloodsport 2 (1995),['Action']
Pather Panchali (1955),['Drama']
True Crime (1995),"['Mystery', 'Thriller']"
Mortal Kombat: Annihilation (1997),"['Action', 'Adventure']"
Cabin Boy (1994),['Comedy']
Blood & Wine (1997),['Drama']
Marked for Death (1990),"['Action', 'Drama']"
Phantoms (1998),['Horror']
Body Parts (1991),['Horror']
Panther (1995),['Drama']
"Star Maker, The (Uomo delle stelle, L') (1995)",['Drama']
"Goofy Movie, A (1995)","['Animation', ""Children's"", 'Comedy', 'Romance']"
Audrey Rose (1977),['Horror']
Vampire in Brooklyn (1995),"['Comedy', 'Romance']"
"Road to Wellville, The (1994)",['Comedy']
Fluke (1995),"[""Children's"", 'Drama']"
Cronos (1992),['Horror']
Kaspar Hauser (1993),['Drama']
Turbo: A Power Rangers Movie (1997),"['Action', 'Adventure', ""Children's""]"
Ill Gotten Gains (1997),['Drama']
"Other Voices, Other Rooms (1997)",['Drama']
"Search for One-eye Jimmy, The (1996)",['Comedy']
Princess Caraboo (1994),['Drama']
"War, The (1994)","['Adventure', 'Drama']"
Bad Girls (1994),['Western']
Free Willy 2: The Adventure Home (1995),"['Adventure', ""Children's"", 'Drama']"
Senseless (1998),['Comedy']
Lost in Space (1998),"['Action', 'Sci-Fi', 'Thriller']"
Stripes (1981),['Comedy']
Falling in Love Again (1980),['Comedy']
Tom & Viv (1994),['Drama']
Gabbeh (1996),['Drama']
1-900 (1994),['Romance']
"Innocents, The (1961)",['Thriller']
"Colonel Chabert, Le (1994)","['Drama', 'Romance', 'War']"
Jefferson in Paris (1995),['Drama']
Heaven & Earth (1993),"['Action', 'Drama', 'War']"
"Walk in the Sun, A (1945)",['Drama']
Palmetto (1998),"['Film-Noir', 'Mystery', 'Thriller']"
Boy's Life 2 (1997),['Drama']
"Cry, the Beloved Country (1995)",['Drama']
Tom and Huck (1995),"['Adventure', ""Children's""]"
Fall (1997),['Romance']
Aiqing wansui (1994),['Drama']
T-Men (1947),['Film-Noir']
Lotto Land (1995),['Drama']
Love Is All There Is (1996),"['Comedy', 'Drama']"
Withnail and I (1987),['Comedy']
"Last Time I Committed Suicide, The (1997)",['Drama']
"Pagemaster, The (1994)","['Action', 'Adventure', 'Animation', ""Children's"", 'Fantasy']"
Johns (1996),['Drama']
"Mighty, The (1998)",['Drama']
North (1994),['Comedy']
Dunston Checks In (1996),['Comedy']
King of the Hill (1993),['Drama']
Dear God (1996),['Comedy']
Late Bloomers (1996),['Comedy']
Police Story 4: Project S (Chao ji ji hua) (1993),['Action']
8 Seconds (1994),['Drama']
"Wonderful, Horrible Life of Leni Riefenstahl, The (1993)",['Documentary']
Bad Moon (1996),['Horror']
Wild Things (1998),"['Crime', 'Drama', 'Mystery', 'Thriller']"
Kansas City (1996),['Crime']
Strawberry and Chocolate (Fresa y chocolate) (1993),['Drama']
"Turning, The (1992)",['Drama']
For the Moment (1994),"['Romance', 'War']"
Color of Night (1994),"['Drama', 'Thriller']"
"Collectionneuse, La (1967)",['Drama']
Stonewall (1995),['Drama']
Anna (1996),['Drama']
Brother Minister: The Assassination of Malcolm X (1994),['Documentary']
Traveller (1997),['Drama']
"Damsel in Distress, A (1937)","['Comedy', 'Musical', 'Romance']"
Love and Other Catastrophes (1996),['Romance']
Wild America (1997),"['Adventure', ""Children's""]"
An Unforgettable Summer (1994),['Drama']
Jason's Lyric (1994),"['Crime', 'Drama']"
Two Deaths (1995),['Drama']
Venice/Venice (1992),['Drama']
Safe Passage (1994),['Drama']
Before the Rain (Pred dozhdot) (1994),['Drama']
Tigrero: A Film That Was Never Made (1994),"['Documentary', 'Drama']"
Jimmy Hollywood (1994),['Comedy']
Blood Beach (1981),"['Action', 'Horror']"
"Man of No Importance, A (1994)",['Drama']
"Amityville Curse, The (1990)",['Horror']
I Don't Want to Talk About It (De eso no se habla) (1993),['Drama']
Shooting Fish (1997),['Romance']
Daens (1992),['Drama']
Welcome To Sarajevo (1997),"['Drama', 'War']"
Beat the Devil (1954),"['Comedy', 'Drama']"
Carmen Miranda: Bananas Is My Business (1994),['Documentary']
Twin Town (1997),"['Comedy', 'Crime']"
Far From Home: The Adventures of Yellow Dog (1995),"['Adventure', ""Children's""]"
"Little Rascals, The (1994)","[""Children's"", 'Comedy']"
My Crazy Life (Mi vida loca) (1993),['Drama']
"Forbidden Christ, The (Cristo proibito, Il) (1950)",['Drama']
"Outlaw, The (1943)",['Western']
"Designated Mourner, The (1997)",['Drama']
"Secret Adventures of Tom Thumb, The (1993)","['Adventure', ""Children's""]"
"Queen Margot (Reine Margot, La) (1994)","['Drama', 'Romance']"
Angel and the Badman (1947),['Western']
Moonlight and Valentino (1995),"['Drama', 'Romance']"
Trust (1990),"['Comedy', 'Drama']"
Nightwatch (1997),"['Horror', 'Thriller']"
Mr. Wonderful (1993),"['Comedy', 'Romance']"
Caught (1996),"['Drama', 'Thriller']"
All Over Me (1997),['Drama']
"Story of Xinghua, The (1993)",['Drama']
Bad Company (1995),['Action']
"Locusts, The (1997)",['Drama']
Race the Sun (1996),['Drama']
Hotel de Love (1996),"['Comedy', 'Romance']"
Frisk (1995),['Drama']
"Promise, The (Versprechen, Das) (1994)",['Romance']
Nothing to Lose (1994),['Drama']
Gumby: The Movie (1995),"['Animation', ""Children's""]"
"Joy Luck Club, The (1993)",['Drama']
Cyclo (1995),"['Crime', 'Drama']"
When Night Is Falling (1995),"['Drama', 'Romance']"
"Sexual Life of the Belgians, The (1994)",['Comedy']
Paradise Road (1997),"['Drama', 'War']"
Killer (Bulletproof Heart) (1994),['Thriller']
Bent (1997),"['Drama', 'War']"
"Umbrellas of Cherbourg, The (Parapluies de Cherbourg, Les) (1964)","['Drama', 'Musical']"
"Contempt (Mépris, Le) (1963)",['Drama']
Killer: A Journal of Murder (1995),"['Crime', 'Drama']"
"Journey of August King, The (1995)",['Drama']
New Jersey Drive (1995),"['Crime', 'Drama']"
Jury Duty (1995),['Comedy']
U.S. Marshalls (1998),"['Action', 'Thriller']"
Kim (1950),"[""Children's"", 'Drama']"
National Lampoon's Senior Trip (1995),['Comedy']
Picture Bride (1995),"['Drama', 'Romance']"
"Bloody Child, The (1996)","['Drama', 'Thriller']"
"Cement Garden, The (1993)",['Drama']
Prisoner of the Mountains (Kavkazsky Plennik) (1996),['War']
"Steal Big, Steal Little (1995)",['Comedy']
Hurricane Streets (1998),['Drama']
Yankee Zulu (1994),"['Comedy', 'Drama']"
Midnight Dancers (Sibak) (1994),"['Comedy', 'Drama']"
Duoluo tianshi (1995),['Drama']
"Eye of Vichy, The (Oeil de Vichy, L') (1993)",['Documentary']
Love in the Afternoon (1957),"['Comedy', 'Romance']"
Dangerous Beauty (1998),['Drama']
Golden Earrings (1947),"['Adventure', 'Romance']"
Destiny Turns on the Radio (1995),['Comedy']
Alphaville (1965),['Sci-Fi']
Twisted (1996),"['Comedy', 'Drama']"
"Run of the Country, The (1995)",['Drama']
Lashou shentan (1992),"['Action', 'Crime', 'Drama']"
Switchback (1997),['Thriller']
"Bewegte Mann, Der (1994)",['Comedy']
In the Realm of the Senses (Ai no corrida) (1976),['Drama']
Trial by Jury (1994),['Thriller']
Full Speed (1996),['Drama']
Crossfire (1947),"['Crime', 'Film-Noir']"
Across the Sea of Time (1995),['Documentary']
Raw Deal (1948),['Film-Noir']
Frankie Starlight (1995),"['Drama', 'Romance']"
Cosi (1996),['Comedy']
For Ever Mozart (1996),['Drama']
"Promesse, La (1996)",['Drama']
"Visitors, The (Visiteurs, Les) (1993)","['Comedy', 'Sci-Fi']"
Liebelei (1933),['Romance']
"Last Klezmer: Leopold Kozlowski, His Life and Music, The (1995)",['Documentary']
"Leopard Son, The (1996)",['Documentary']
Gang Related (1997),['Crime']
Best Men (1997),"['Action', 'Comedy', 'Crime', 'Drama']"
Babyfever (1994),"['Comedy', 'Drama']"
Stefano Quantestorie (1993),"['Comedy', 'Drama']"
"Good Man in Africa, A (1994)","['Action', 'Adventure']"
Celestial Clockwork (1994),['Comedy']
Commandments (1997),['Romance']
"World of Apu, The (Apur Sansar) (1959)",['Drama']
Ed (1996),['Comedy']
"Man in the Iron Mask, The (1998)","['Action', 'Drama', 'Romance']"
"Man from Down Under, The (1943)",['Drama']
Lassie (1994),"['Adventure', ""Children's""]"
Mercury Rising (1998),"['Action', 'Drama', 'Thriller']"
Two Bits (1995),['Drama']
Schizopolis (1996),['Comedy']
Star Kid (1997),"['Adventure', ""Children's"", 'Fantasy', 'Sci-Fi']"
Mille bolle blu (1993),['Comedy']
Suture (1993),"['Film-Noir', 'Thriller']"
Mondo (1996),['Drama']
Country Life (1994),"['Drama', 'Romance']"
Century (1993),['Drama']
Double Happiness (1994),['Drama']
Sprung (1997),['Comedy']
"Big Bang Theory, The (1994)",['Crime']
Land Before Time III: The Time of the Great Giving (1995) (V),"['Animation', ""Children's""]"
In the Army Now (1994),"['Comedy', 'War']"
Larger Than Life (1996),['Comedy']
"Magic Hour, The (1998)",['Drama']
Stranger in the House (1997),['Thriller']
"Show, The (1995)",['Documentary']
Gilligan's Island: The Movie (1998),['Comedy']
Bliss (1997),"['Drama', 'Romance']"
Stalker (1979),"['Mystery', 'Sci-Fi']"
Nelly & Monsieur Arnaud (1995),['Drama']
"Cure, The (1995)",['Drama']
Infinity (1996),['Drama']
House Party 3 (1994),['Comedy']
New York Cop (1996),"['Action', 'Crime']"
Boys in Venice (1996),['Drama']
To Be or Not to Be (1942),"['Comedy', 'Drama', 'War']"
Grace of My Heart (1996),"['Comedy', 'Drama']"
Salut cousin! (1996),"['Comedy', 'Drama']"
"To Have, or Not (1995)",['Drama']
Buddy (1997),"['Adventure', ""Children's"", 'Drama']"
"Lay of the Land, The (1997)","['Comedy', 'Drama']"
Waiting to Exhale (1995),"['Comedy', 'Drama']"
Pushing Hands (1992),['Comedy']
Boys (1996),['Drama']
Terror in a Texas Town (1958),['Western']
Carpool (1996),"['Comedy', 'Crime']"
Dangerous Ground (1997),['Drama']
"Winter Guest, The (1997)",['Drama']
Clean Slate (Coup de Torchon) (1981),['Crime']
Fire on the Mountain (1996),['Documentary']
Touki Bouki (Journey of the Hyena) (1973),['Drama']
Dream Man (1995),['Thriller']
"Ciao, Professore! (1993)",['Drama']
City of Industry (1997),"['Crime', 'Thriller']"
Dream With the Fishes (1997),['Drama']
Aparajito (1956),['Drama']
"Next Karate Kid, The (1994)","['Action', ""Children's""]"
Nowhere (1997),['Drama']
"I, Worst of All (Yo, la peor de todas) (1990)",['Drama']
Mad Dog Time (1996),['Crime']
Amityville 3-D (1983),['Horror']
Romper Stomper (1992),"['Action', 'Drama']"
Baton Rouge (1988),['Thriller']
Daniel Defoe's Robinson Crusoe (1996),"[""Children's""]"
Grosse Fatigue (1994),['Comedy']
Burnt Offerings (1976),['Horror']
"Secret Agent, The (1996)",['Drama']
"Letter From Death Row, A (1998)","['Crime', 'Drama']"
Ladybird Ladybird (1994),['Drama']
Angela (1995),['Drama']
Desert Winds (1995),['Drama']
Last Summer in the Hamptons (1995),"['Comedy', 'Drama']"
Calendar Girl (1993),['Drama']
Being Human (1993),['Drama']
Broken English (1996),['Drama']
Witness (1985),"['Drama', 'Romance', 'Thriller']"
American Dream (1990),['Documentary']
Nemesis 2: Nebula (1995),"['Action', 'Sci-Fi', 'Thriller']"
Love Serenade (1996),['Comedy']
Angel on My Shoulder (1946),"['Crime', 'Drama']"
Germinal (1993),['Drama']
"Wedding Gift, The (1994)",['Drama']
Here Comes Cookie (1935),['Comedy']
Grateful Dead (1995),['Documentary']
"Underneath, The (1995)","['Mystery', 'Thriller']"
Hostile Intentions (1994),"['Action', 'Drama', 'Thriller']"
Legal Deceit (1997),['Thriller']
Two or Three Things I Know About Her (1966),['Drama']
Blood For Dracula (Andy Warhol's Dracula) (1974),['Horror']
Foreign Student (1994),['Drama']
Three Lives and Only One Death (1996),['Comedy']
"Amazing Panda Adventure, The (1995)","['Adventure', ""Children's""]"
Death in Brunswick (1991),['Comedy']
Night Flier (1997),['Horror']
"Cérémonie, La (1995)",['Drama']
"Hungarian Fairy Tale, A (1987)",['Fantasy']
Children of the Revolution (1996),['Comedy']
"Object of My Affection, The (1998)","['Comedy', 'Romance']"
"Vie est belle, La (Life is Rosey) (1987)","['Comedy', 'Drama']"
Vermont Is For Lovers (1992),"['Comedy', 'Romance']"
Gordy (1995),['Comedy']
"Price Above Rubies, A (1998)",['Drama']
Losing Chase (1996),['Drama']
"Crude Oasis, The (1995)",['Romance']
"Simple Twist of Fate, A (1994)",['Drama']
Above the Rim (1994),['Drama']
The Deadly Cure (1996),['Action']
Naked in New York (1994),"['Comedy', 'Romance']"
Wild Reeds (1994),['Drama']
All Things Fair (1996),['Drama']
"Neon Bible, The (1995)",['Drama']
Office Killer (1997),['Thriller']
"Sixth Man, The (1997)",['Comedy']
Nina Takes a Lover (1994),"['Comedy', 'Romance']"
Blue Chips (1994),['Drama']
"Rendezvous in Paris (Rendez-vous de Paris, Les) (1995)","['Comedy', 'Romance']"
Boys Life (1995),['Drama']
"Enfer, L' (1994)",['Drama']
Warriors of Virtue (1997),"['Action', 'Adventure', ""Children's"", 'Fantasy']"
"Invitation, The (Zaproszenie) (1986)",['Drama']
Bhaji on the Beach (1993),"['Comedy', 'Drama']"
Hush (1998),['Thriller']
Chairman of the Board (1998),['Comedy']
"Wooden Man's Bride, The (Wu Kui) (1994)",['Drama']
"Beans of Egypt, Maine, The (1994)",['Drama']
B*A*P*S (1997),['Comedy']
"Spanish Prisoner, The (1997)","['Drama', 'Thriller']"
Coldblooded (1995),['Action']
Girl in the Cadillac (1995),['Drama']
"Hunted, The (1995)",['Action']
"Reluctant Debutante, The (1958)","['Comedy', 'Drama']"
Quartier Mozart (1992),['Comedy']
American Buffalo (1996),['Drama']
A Chef in Love (1996),['Comedy']
Nénette et Boni (1996),['Drama']
"Leading Man, The (1996)",['Romance']
Someone Else's America (1995),['Drama']
"Day the Sun Turned Cold, The (Tianguo niezi) (1994)",['Drama']
"Big One, The (1997)","['Comedy', 'Documentary']"
Little City (1998),"['Comedy', 'Romance']"
Open Season (1996),['Comedy']
Hollow Reed (1996),['Drama']
Tough and Deadly (1995),"['Action', 'Drama', 'Thriller']"
"Truth or Consequences, N.M. (1997)","['Action', 'Crime', 'Romance']"
Some Mother's Son (1996),['Drama']
Wend Kuuni (God's Gift) (1982),['Drama']
Nico Icon (1995),['Documentary']
S.F.W. (1994),['Drama']
Lamerica (1994),['Drama']
"Quiet Room, The (1996)",['Drama']
Fausto (1993),['Comedy']
Guantanamera (1994),['Comedy']
Entertaining Angels: The Dorothy Day Story (1996),['Drama']
Lady of Burlesque (1943),"['Comedy', 'Mystery']"
Sudden Manhattan (1996),['Comedy']
Shopping (1994),"['Action', 'Thriller']"
Harlem (1993),['Drama']
The Courtyard (1995),"['Action', 'Thriller']"
"Favor, The (1994)","['Comedy', 'Romance']"
"Shooter, The (1995)",['Action']
"Gate of Heavenly Peace, The (1995)",['Documentary']
Target (1995),"['Action', 'Drama']"
Bitter Sugar (Azucar Amargo) (1996),['Drama']
"Butcher Boy, The (1998)",['Drama']
"Savage Nights (Nuits fauves, Les) (1992)",['Drama']
Small Faces (1995),['Drama']
Getting Even with Dad (1994),['Comedy']
Time Tracers (1995),"['Action', 'Adventure', 'Sci-Fi']"
Johnny 100 Pesos (1993),"['Action', 'Drama']"
"New Age, The (1994)",['Drama']
"Walking Dead, The (1995)","['Drama', 'War']"
Wings of Courage (1995),"['Adventure', 'Romance']"
Butterfly Kiss (1995),['Thriller']
Rough Magic (1995),"['Drama', 'Romance']"
Men With Guns (1997),"['Action', 'Drama']"
Land and Freedom (Tierra y libertad) (1995),['War']
King of New York (1990),"['Action', 'Crime']"
Hana-bi (1997),"['Comedy', 'Crime', 'Drama']"
Sliding Doors (1998),"['Drama', 'Romance']"
Angel Baby (1995),['Drama']
Underworld (1997),['Thriller']
"Woman in Question, The (1950)",['Mystery']
"Symphonie pastorale, La (1946)",['Drama']
MURDER and murder (1996),"['Crime', 'Drama', 'Mystery']"
8 Heads in a Duffel Bag (1997),['Comedy']
Tokyo Fist (1995),"['Action', 'Drama']"
Twilight (1998),"['Crime', 'Drama']"
Jupiter's Wife (1994),['Documentary']
Nothing Personal (1995),"['Drama', 'War']"
Temptress Moon (Feng Yue) (1996),['Romance']
"Saint of Fort Washington, The (1993)",['Drama']
Etz Hadomim Tafus (Under the Domin Tree) (1994),['Drama']
It Takes Two (1995),['Comedy']
"Paris, France (1993)",['Comedy']
"Low Life, The (1994)",['Drama']
"Mostro, Il (1994)",['Comedy']
Kika (1993),['Drama']
Mirage (1995),"['Action', 'Thriller']"
"Bonheur, Le (1965)",['Drama']
Á köldum klaka (Cold Fever) (1994),"['Comedy', 'Drama']"
Sweet Nothing (1995),['Drama']
B. Monkey (1998),"['Romance', 'Thriller']"
"Death in the Garden (Mort en ce jardin, La) (1956)",['Drama']
Ripe (1996),['Drama']
Ed's Next Move (1996),['Comedy']
Two Friends (1986),['Drama']
Men of Means (1998),"['Action', 'Drama']"
"Niagara, Niagara (1997)",['Drama']
Spirits of the Dead (Tre passi nel delirio) (1968),['Horror']
"Glass Shield, The (1994)",['Drama']
"Slingshot, The (1993)","['Comedy', 'Drama']"
"Scarlet Letter, The (1926)",['Drama']
Condition Red (1995),"['Action', 'Drama', 'Thriller']"
Mat' i syn (1997),['Drama']
Careful (1992),['Comedy']
They Made Me a Criminal (1939),"['Crime', 'Drama']"
Marlene Dietrich: Shadow and Light (1996),['Documentary']
Shadows (Cienie) (1988),['Drama']
"Wife, The (1995)","['Comedy', 'Drama']"
"War at Home, The (1996)",['Drama']
JLG/JLG - autoportrait de décembre (1994),"['Documentary', 'Drama']"
Intimate Relations (1996),['Comedy']
Wedding Bell Blues (1996),['Comedy']
To Cross the Rubicon (1991),['Drama']
He Walked by Night (1948),"['Crime', 'Film-Noir', 'Thriller']"
Pharaoh's Army (1995),['War']
My Favorite Season (1993),['Drama']
"Further Gesture, A (1996)",['Drama']
"Brother's Kiss, A (1997)",['Drama']
August (1996),['Drama']
Tainted (1998),"['Comedy', 'Thriller']"
Hedd Wyn (1992),['Drama']
Shadow of Angels (Schatten der Engel) (1976),['Drama']
Brothers in Trouble (1995),['Drama']
You So Crazy (1994),['Comedy']
Normal Life (1996),"['Crime', 'Drama']"
"Next Step, The (1995)",['Drama']
"Sunchaser, The (1996)",['Drama']
Sleepover (1995),"['Comedy', 'Drama']"
Everest (1998),['Documentary']
Nobody Loves Me (Keiner liebt mich) (1994),"['Comedy', 'Drama']"
Getting Away With Murder (1996),['Comedy']
Scream of Stone (Schrei aus Stein) (1991),['Drama']
Mamma Roma (1962),['Drama']
"Eighth Day, The (1996)",['Drama']
Girls Town (1996),['Drama']
"Silence of the Palace, The (Saimt el Qusur) (1994)",['Drama']
Dadetown (1995),['Documentary']
